{
  "required": true,
  "minVersion": "0.8",
  "package": "com.minenash.customhud.mixin",
  "compatibilityLevel": "JAVA_16",
  "client": [
    "BossBarS2CPacketMixin",
    "ClientPlayNetworkHandlerMixin",
    "GameRendererMixin",
    "InGameHudMixin",
    "KeyBindingMixin",
    "KeyboardMixin",
    "MinecraftClientMixin",
    "MouseMixin",
    "PieChartMixin",
    "PingMeasurerMixin",
    "PlayerEntityMixin",
    "ResourcePackProfileMetadataMixin",
    "ResourcePackProfileMixin",
    "SubtitleEntryMixin",
    "TitleScreenMixin",
    "WorldTimeUpdateS2CPacketMixin",
    "accessors.AttributeContainerAccessor",
    "accessors.DebugHudAccessor",
    "accessors.DefaultAttributeContainerAccessor",
    "accessors.EntryListWidgetAccessor",
    "accessors.GameOptionsAccessor",
    "accessors.KeyBindingAccessor",
    "accessors.PlayerListHudAccess",
    "disable.ExperienceBarMixin",
    "disable.InGameHudMixin",
    "disable.JumpBarMixin",
    "disable.LocatorBarMixin",
    "events.ChatHudMixin",
    "fonts.TextHandlerMixin",
    "fonts.TextRendererMixin",
    "music.MinecraftClientAccess",
    "music.MusicTrackerAccess",
    "music.WorldEventHandlerMixin"
  ],
  "injectors": {
    "defaultRequire": 1
  },
  "mixins": [
    "accessors.BlockPredicatesComponentAccessor"
  ]
}
