{
  "schemaVersion": 1,
  "id": "custom_hud",
  "version": "${version}",

  "name": "CustomHud",
  "description": "A highly customizable variable-based text hud",
  "authors": [
    "Minenash"
  ],
  "contact": {
    "homepage": "https://www.curseforge.com/minecraft/mc-mods/customhud",
    "sources": "https://github.com/Minenash/CustomHUD",
    "issues": "https://github.com/Minenash/CustomHUD/issues"
  },

  "license": "MIT",
  "icon": "assets/custom_hud/icon.png",

  "environment": "client",
  "entrypoints": {
    "main": ["com.minenash.customhud.CustomHud"],
    "preLaunch": ["com.llamalad7.mixinextras.MixinExtrasBootstrap::init"],
    "modmenu": [
      "ModMenuIntegration"
    ]
  },
  "mixins": [
    "customhud.mixins.json"
  ],
  "accessWidener": "customhud.accesswidener",
  "depends": {
    "fabricloader": "*",
    "fabric-api": "*",
    "minecraft": ">=1.21.9"
  }
}
